t,wall_time,cpu,util_ema,chosen_freq_khz,freq_idx,est_power_w
0.001,1761992920.7987976,0,0.0,300000,0,5.0
0.001,1761992920.7987976,1,0.0,300000,0,5.0
0.001,1761992920.7987976,2,0.0069,300000,0,5.0137
0.001,1761992920.7987976,3,0.0,300000,0,5.0
0.001,1761992920.7987976,4,0.0,300000,0,5.0
0.001,1761992920.7987976,5,0.0,300000,0,5.0
0.001,1761992920.7987976,6,0.0,300000,0,5.0
0.001,1761992920.7987976,7,0.0,300000,0,5.0
0.502,1761992921.300074,0,0.0,300000,0,5.0
0.502,1761992921.300074,1,0.0,300000,0,5.0
0.502,1761992921.300074,2,0.0045,300000,0,5.0089
0.502,1761992921.300074,3,0.0,300000,0,5.0
0.502,1761992921.300074,4,0.0,300000,0,5.0
0.502,1761992921.300074,5,0.0,300000,0,5.0
0.502,1761992921.300074,6,0.0,300000,0,5.0
0.502,1761992921.300074,7,0.0,300000,0,5.0
1.004,1761992921.801389,0,0.0,300000,0,5.0
1.004,1761992921.801389,1,0.0,300000,0,5.0
1.004,1761992921.801389,2,0.0029,300000,0,5.0058
1.004,1761992921.801389,3,0.0,300000,0,5.0
1.004,1761992921.801389,4,0.007,300000,0,5.014
1.004,1761992921.801389,5,0.0,300000,0,5.0
1.004,1761992921.801389,6,0.0,300000,0,5.0
1.004,1761992921.801389,7,0.0206,300000,0,5.0412
1.505,1761992922.3026507,0,0.0,300000,0,5.0
1.505,1761992922.3026507,1,0.0,300000,0,5.0
1.505,1761992922.3026507,2,0.0019,300000,0,5.0038
1.505,1761992922.3026507,3,0.0,300000,0,5.0
1.505,1761992922.3026507,4,0.0045,300000,0,5.0091
1.505,1761992922.3026507,5,0.0,300000,0,5.0
1.505,1761992922.3026507,6,0.0,300000,0,5.0
1.505,1761992922.3026507,7,0.0134,300000,0,5.0268
2.006,1761992922.8041334,0,0.0069,300000,0,5.0137
2.006,1761992922.8041334,1,0.0,300000,0,5.0
2.006,1761992922.8041334,2,0.015,300000,0,5.0299
2.006,1761992922.8041334,3,0.0,300000,0,5.0
2.006,1761992922.8041334,4,0.01,300000,0,5.0199
2.006,1761992922.8041334,5,0.0,300000,0,5.0
2.006,1761992922.8041334,6,0.0,300000,0,5.0
2.006,1761992922.8041334,7,0.0157,300000,0,5.0314
2.508,1761992923.3054967,0,0.0045,300000,0,5.0089
2.508,1761992923.3054967,1,0.0,300000,0,5.0
2.508,1761992923.3054967,2,0.0167,300000,0,5.0334
2.508,1761992923.3054967,3,0.0,300000,0,5.0
2.508,1761992923.3054967,4,0.0065,300000,0,5.0129
2.508,1761992923.3054967,5,0.0,300000,0,5.0
2.508,1761992923.3054967,6,0.0,300000,0,5.0
2.508,1761992923.3054967,7,0.0102,300000,0,5.0204
3.009,1761992923.8067,0,0.0029,300000,0,5.0058
3.009,1761992923.8067,1,0.0,300000,0,5.0
3.009,1761992923.8067,2,0.0109,300000,0,5.0217
3.009,1761992923.8067,3,0.014,300000,0,5.028
3.009,1761992923.8067,4,0.0042,300000,0,5.0084
3.009,1761992923.8067,5,0.0,300000,0,5.0
3.009,1761992923.8067,6,0.0067,300000,0,5.0135
3.009,1761992923.8067,7,0.0066,300000,0,5.0133
3.51,1761992924.3081849,0,0.0087,300000,0,5.0175
3.51,1761992924.3081849,1,0.0,300000,0,5.0
3.51,1761992924.3081849,2,0.0071,300000,0,5.0141
3.51,1761992924.3081849,3,0.0162,300000,0,5.0325
3.51,1761992924.3081849,4,0.0447,300000,0,5.0895
3.51,1761992924.3081849,5,0.007,300000,0,5.014
3.51,1761992924.3081849,6,0.0187,300000,0,5.0373
3.51,1761992924.3081849,7,0.0116,300000,0,5.0232
4.012,1761992924.8096418,0,0.0057,300000,0,5.0114
4.012,1761992924.8096418,1,0.0,300000,0,5.0
4.012,1761992924.8096418,2,0.0046,300000,0,5.0092
4.012,1761992924.8096418,3,0.0176,300000,0,5.0351
4.012,1761992924.8096418,4,0.0291,300000,0,5.0582
4.012,1761992924.8096418,5,0.0045,300000,0,5.0091
4.012,1761992924.8096418,6,0.0121,300000,0,5.0243
4.012,1761992924.8096418,7,0.0075,300000,0,5.0151
4.513,1761992925.311143,0,0.0037,300000,0,5.0074
4.513,1761992925.311143,1,0.0,300000,0,5.0
4.513,1761992925.311143,2,0.0098,300000,0,5.0197
4.513,1761992925.311143,3,0.0114,300000,0,5.0228
4.513,1761992925.311143,4,0.0189,300000,0,5.0378
4.513,1761992925.311143,5,0.003,300000,0,5.0059
4.513,1761992925.311143,6,0.0079,300000,0,5.0158
4.513,1761992925.311143,7,0.0049,300000,0,5.0098
5.015,1761992925.8125582,0,0.0024,300000,0,5.0048
5.015,1761992925.8125582,1,0.0,300000,0,5.0
5.015,1761992925.8125582,2,0.0064,300000,0,5.0128
5.015,1761992925.8125582,3,0.0074,300000,0,5.0148
5.015,1761992925.8125582,4,0.0123,300000,0,5.0246
5.015,1761992925.8125582,5,0.0019,300000,0,5.0038
5.015,1761992925.8125582,6,0.0051,300000,0,5.0102
5.015,1761992925.8125582,7,0.0032,300000,0,5.0064
5.516,1761992926.3141482,0,0.0016,300000,0,5.0031
5.516,1761992926.3141482,1,0.0,300000,0,5.0
5.516,1761992926.3141482,2,0.0042,300000,0,5.0083
5.516,1761992926.3141482,3,0.0048,300000,0,5.0096
5.516,1761992926.3141482,4,0.008,300000,0,5.016
5.516,1761992926.3141482,5,0.0012,300000,0,5.0025
5.516,1761992926.3141482,6,0.0033,300000,0,5.0067
5.516,1761992926.3141482,7,0.0021,300000,0,5.0041
6.017,1761992926.8153505,0,0.001,300000,0,5.002
6.017,1761992926.8153505,1,0.0,300000,0,5.0
6.017,1761992926.8153505,2,0.0027,300000,0,5.0054
6.017,1761992926.8153505,3,0.0031,300000,0,5.0063
6.017,1761992926.8153505,4,0.0052,300000,0,5.0104
6.017,1761992926.8153505,5,0.0008,300000,0,5.0016
6.017,1761992926.8153505,6,0.0022,300000,0,5.0043
6.017,1761992926.8153505,7,0.0013,300000,0,5.0027
6.519,1761992927.3166072,0,0.0007,300000,0,5.0013
6.519,1761992927.3166072,1,0.0,300000,0,5.0
6.519,1761992927.3166072,2,0.0152,300000,0,5.0304
6.519,1761992927.3166072,3,0.002,300000,0,5.0041
6.519,1761992927.3166072,4,0.0034,300000,0,5.0067
6.519,1761992927.3166072,5,0.0005,300000,0,5.0011
6.519,1761992927.3166072,6,0.0014,300000,0,5.0028
6.519,1761992927.3166072,7,0.0009,300000,0,5.0018
7.02,1761992927.8178325,0,0.0004,300000,0,5.0009
7.02,1761992927.8178325,1,0.0,300000,0,5.0
7.02,1761992927.8178325,2,0.0099,300000,0,5.0198
7.02,1761992927.8178325,3,0.0013,300000,0,5.0026
7.02,1761992927.8178325,4,0.0022,300000,0,5.0044
7.02,1761992927.8178325,5,0.0003,300000,0,5.0007
7.02,1761992927.8178325,6,0.0009,300000,0,5.0018
7.02,1761992927.8178325,7,0.0006,300000,0,5.0011
7.521,1761992928.319225,0,0.0003,300000,0,5.0006
7.521,1761992928.319225,1,0.0,300000,0,5.0
7.521,1761992928.319225,2,0.0064,300000,0,5.0129
7.521,1761992928.319225,3,0.0009,300000,0,5.0017
7.521,1761992928.319225,4,0.0014,300000,0,5.0029
7.521,1761992928.319225,5,0.0002,300000,0,5.0004
7.521,1761992928.319225,6,0.0006,300000,0,5.0012
7.521,1761992928.319225,7,0.0004,300000,0,5.0007
8.023,1761992928.8204489,0,0.0002,300000,0,5.0004
8.023,1761992928.8204489,1,0.0,300000,0,5.0
8.023,1761992928.8204489,2,0.0042,300000,0,5.0084
8.023,1761992928.8204489,3,0.0006,300000,0,5.0011
8.023,1761992928.8204489,4,0.0009,300000,0,5.0019
8.023,1761992928.8204489,5,0.0001,300000,0,5.0003
8.023,1761992928.8204489,6,0.0004,300000,0,5.0008
8.023,1761992928.8204489,7,0.0002,300000,0,5.0005
8.524,1761992929.321797,0,0.0001,300000,0,5.0002
8.524,1761992929.321797,1,0.0,300000,0,5.0
8.524,1761992929.321797,2,0.0027,300000,0,5.0054
8.524,1761992929.321797,3,0.0004,300000,0,5.0007
8.524,1761992929.321797,4,0.0006,300000,0,5.0012
8.524,1761992929.321797,5,0.0001,300000,0,5.0002
8.524,1761992929.321797,6,0.0003,300000,0,5.0005
8.524,1761992929.321797,7,0.0002,300000,0,5.0003
9.025,1761992929.8231168,0,0.0001,300000,0,5.0002
9.025,1761992929.8231168,1,0.0,300000,0,5.0
9.025,1761992929.8231168,2,0.0018,300000,0,5.0035
9.025,1761992929.8231168,3,0.0002,300000,0,5.0005
9.025,1761992929.8231168,4,0.0004,300000,0,5.0008
9.025,1761992929.8231168,5,0.0001,300000,0,5.0001
9.025,1761992929.8231168,6,0.0002,300000,0,5.0003
9.025,1761992929.8231168,7,0.0001,300000,0,5.0002
9.527,1761992930.3245382,0,0.0,300000,0,5.0001
9.527,1761992930.3245382,1,0.0,300000,0,5.0
9.527,1761992930.3245382,2,0.0011,300000,0,5.0023
9.527,1761992930.3245382,3,0.0002,300000,0,5.0003
9.527,1761992930.3245382,4,0.0003,300000,0,5.0005
9.527,1761992930.3245382,5,0.0,300000,0,5.0001
9.527,1761992930.3245382,6,0.0001,300000,0,5.0002
9.527,1761992930.3245382,7,0.0001,300000,0,5.0001
10.028,1761992930.8258588,0,0.0,300000,0,5.0001
10.028,1761992930.8258588,1,0.0,300000,0,5.0
10.028,1761992930.8258588,2,0.0076,300000,0,5.0152
10.028,1761992930.8258588,3,0.0001,300000,0,5.0002
10.028,1761992930.8258588,4,0.0002,300000,0,5.0003
10.028,1761992930.8258588,5,0.0,300000,0,5.0001
10.028,1761992930.8258588,6,0.0001,300000,0,5.0001
10.028,1761992930.8258588,7,0.0,300000,0,5.0001
10.529,1761992931.3273337,0,0.0,300000,0,5.0
10.529,1761992931.3273337,1,0.0,300000,0,5.0
10.529,1761992931.3273337,2,0.0049,300000,0,5.0099
10.529,1761992931.3273337,3,0.0001,300000,0,5.0001
10.529,1761992931.3273337,4,0.0001,300000,0,5.0002
10.529,1761992931.3273337,5,0.0,300000,0,5.0
10.529,1761992931.3273337,6,0.0,300000,0,5.0001
10.529,1761992931.3273337,7,0.0,300000,0,5.0001
11.031,1761992931.828601,0,0.0,300000,0,5.0
11.031,1761992931.828601,1,0.0,300000,0,5.0
11.031,1761992931.828601,2,0.0032,300000,0,5.0064
11.031,1761992931.828601,3,0.0,300000,0,5.0001
11.031,1761992931.828601,4,0.0001,300000,0,5.0001
11.031,1761992931.828601,5,0.0,300000,0,5.0
11.031,1761992931.828601,6,0.0,300000,0,5.0001
11.031,1761992931.828601,7,0.0,300000,0,5.0
11.532,1761992932.3299477,0,0.0,300000,0,5.0
11.532,1761992932.3299477,1,0.0,300000,0,5.0
11.532,1761992932.3299477,2,0.0021,300000,0,5.0042
11.532,1761992932.3299477,3,0.0,300000,0,5.0001
11.532,1761992932.3299477,4,0.0,300000,0,5.0001
11.532,1761992932.3299477,5,0.0,300000,0,5.0
11.532,1761992932.3299477,6,0.0,300000,0,5.0
11.532,1761992932.3299477,7,0.0,300000,0,5.0
12.033,1761992932.8310714,0,0.0,300000,0,5.0
12.033,1761992932.8310714,1,0.0,300000,0,5.0
12.033,1761992932.8310714,2,0.0014,300000,0,5.0027
12.033,1761992932.8310714,3,0.0,300000,0,5.0
12.033,1761992932.8310714,4,0.0,300000,0,5.0001
12.033,1761992932.8310714,5,0.0,300000,0,5.0
12.033,1761992932.8310714,6,0.0,300000,0,5.0
12.033,1761992932.8310714,7,0.0,300000,0,5.0
12.534,1761992933.3322814,0,0.0,300000,0,5.0
12.534,1761992933.3322814,1,0.0,300000,0,5.0
12.534,1761992933.3322814,2,0.0143,300000,0,5.0287
12.534,1761992933.3322814,3,0.0,300000,0,5.0
12.534,1761992933.3322814,4,0.0,300000,0,5.0
12.534,1761992933.3322814,5,0.0,300000,0,5.0
12.534,1761992933.3322814,6,0.0,300000,0,5.0
12.534,1761992933.3322814,7,0.0,300000,0,5.0
13.036,1761992933.8335352,0,0.0,300000,0,5.0
13.036,1761992933.8335352,1,0.0,300000,0,5.0
13.036,1761992933.8335352,2,0.0093,300000,0,5.0186
13.036,1761992933.8335352,3,0.0,300000,0,5.0
13.036,1761992933.8335352,4,0.0,300000,0,5.0
13.036,1761992933.8335352,5,0.0,300000,0,5.0
13.036,1761992933.8335352,6,0.0,300000,0,5.0
13.036,1761992933.8335352,7,0.0,300000,0,5.0
13.537,1761992934.3348658,0,0.0,300000,0,5.0
13.537,1761992934.3348658,1,0.0,300000,0,5.0
13.537,1761992934.3348658,2,0.0061,300000,0,5.0121
13.537,1761992934.3348658,3,0.0,300000,0,5.0
13.537,1761992934.3348658,4,0.0,300000,0,5.0
13.537,1761992934.3348658,5,0.0,300000,0,5.0
13.537,1761992934.3348658,6,0.0,300000,0,5.0
13.537,1761992934.3348658,7,0.0,300000,0,5.0
14.038,1761992934.8361115,0,0.0,300000,0,5.0
14.038,1761992934.8361115,1,0.0,300000,0,5.0
14.038,1761992934.8361115,2,0.0039,300000,0,5.0079
14.038,1761992934.8361115,3,0.0,300000,0,5.0
14.038,1761992934.8361115,4,0.0,300000,0,5.0
14.038,1761992934.8361115,5,0.0,300000,0,5.0
14.038,1761992934.8361115,6,0.0,300000,0,5.0
14.038,1761992934.8361115,7,0.0,300000,0,5.0
14.54,1761992935.337415,0,0.0,300000,0,5.0
14.54,1761992935.337415,1,0.0,300000,0,5.0
14.54,1761992935.337415,2,0.0026,300000,0,5.0051
14.54,1761992935.337415,3,0.0,300000,0,5.0
14.54,1761992935.337415,4,0.0,300000,0,5.0
14.54,1761992935.337415,5,0.0,300000,0,5.0
14.54,1761992935.337415,6,0.0,300000,0,5.0
14.54,1761992935.337415,7,0.0,300000,0,5.0
15.041,1761992935.8388982,0,0.0,300000,0,5.0
15.041,1761992935.8388982,1,0.0,300000,0,5.0
15.041,1761992935.8388982,2,0.0017,300000,0,5.0033
15.041,1761992935.8388982,3,0.0,300000,0,5.0
15.041,1761992935.8388982,4,0.0,300000,0,5.0
15.041,1761992935.8388982,5,0.0,300000,0,5.0
15.041,1761992935.8388982,6,0.0,300000,0,5.0
15.041,1761992935.8388982,7,0.0,300000,0,5.0
15.542,1761992936.3402393,0,0.0,300000,0,5.0
15.542,1761992936.3402393,1,0.0,300000,0,5.0
15.542,1761992936.3402393,2,0.0011,300000,0,5.0022
15.542,1761992936.3402393,3,0.0,300000,0,5.0
15.542,1761992936.3402393,4,0.0,300000,0,5.0
15.542,1761992936.3402393,5,0.0,300000,0,5.0
15.542,1761992936.3402393,6,0.0,300000,0,5.0
15.542,1761992936.3402393,7,0.0,300000,0,5.0
16.044,1761992936.841679,0,0.0,300000,0,5.0
16.044,1761992936.841679,1,0.0,300000,0,5.0
16.044,1761992936.841679,2,0.0007,300000,0,5.0014
16.044,1761992936.841679,3,0.0,300000,0,5.0
16.044,1761992936.841679,4,0.0,300000,0,5.0
16.044,1761992936.841679,5,0.0,300000,0,5.0
16.044,1761992936.841679,6,0.0,300000,0,5.0
16.044,1761992936.841679,7,0.0,300000,0,5.0
16.545,1761992937.3429117,0,0.0,300000,0,5.0
16.545,1761992937.3429117,1,0.0,300000,0,5.0
16.545,1761992937.3429117,2,0.0075,300000,0,5.0149
16.545,1761992937.3429117,3,0.0,300000,0,5.0
16.545,1761992937.3429117,4,0.0,300000,0,5.0
16.545,1761992937.3429117,5,0.0,300000,0,5.0
16.545,1761992937.3429117,6,0.0,300000,0,5.0
16.545,1761992937.3429117,7,0.0,300000,0,5.0
17.047,1761992937.8445663,0,0.0,300000,0,5.0
17.047,1761992937.8445663,1,0.0,300000,0,5.0
17.047,1761992937.8445663,2,0.0117,300000,0,5.0234
17.047,1761992937.8445663,3,0.0,300000,0,5.0
17.047,1761992937.8445663,4,0.0,300000,0,5.0
17.047,1761992937.8445663,5,0.0,300000,0,5.0
17.047,1761992937.8445663,6,0.0,300000,0,5.0
17.047,1761992937.8445663,7,0.0,300000,0,5.0
17.548,1761992938.3460705,0,0.0,300000,0,5.0
17.548,1761992938.3460705,1,0.0,300000,0,5.0
17.548,1761992938.3460705,2,0.0145,300000,0,5.0289
17.548,1761992938.3460705,3,0.0069,300000,0,5.0137
17.548,1761992938.3460705,4,0.0,300000,0,5.0
17.548,1761992938.3460705,5,0.0,300000,0,5.0
17.548,1761992938.3460705,6,0.0,300000,0,5.0
17.548,1761992938.3460705,7,0.0,300000,0,5.0
18.049,1761992938.8473177,0,0.0,300000,0,5.0
18.049,1761992938.8473177,1,0.0,300000,0,5.0
18.049,1761992938.8473177,2,0.0094,300000,0,5.0188
18.049,1761992938.8473177,3,0.0045,300000,0,5.0089
18.049,1761992938.8473177,4,0.0,300000,0,5.0
18.049,1761992938.8473177,5,0.0,300000,0,5.0
18.049,1761992938.8473177,6,0.0,300000,0,5.0
18.049,1761992938.8473177,7,0.0,300000,0,5.0
18.551,1761992939.3484719,0,0.0,300000,0,5.0
18.551,1761992939.3484719,1,0.0,300000,0,5.0
18.551,1761992939.3484719,2,0.0061,300000,0,5.0122
18.551,1761992939.3484719,3,0.0029,300000,0,5.0058
18.551,1761992939.3484719,4,0.0,300000,0,5.0
18.551,1761992939.3484719,5,0.0,300000,0,5.0
18.551,1761992939.3484719,6,0.0,300000,0,5.0
18.551,1761992939.3484719,7,0.0,300000,0,5.0
19.052,1761992939.8496377,0,0.0,300000,0,5.0
19.052,1761992939.8496377,1,0.0,300000,0,5.0
19.052,1761992939.8496377,2,0.004,300000,0,5.0079
19.052,1761992939.8496377,3,0.0019,300000,0,5.0038
19.052,1761992939.8496377,4,0.0,300000,0,5.0
19.052,1761992939.8496377,5,0.0,300000,0,5.0
19.052,1761992939.8496377,6,0.0,300000,0,5.0
19.052,1761992939.8496377,7,0.0,300000,0,5.0
19.553,1761992940.3507817,0,0.0,300000,0,5.0
19.553,1761992940.3507817,1,0.0,300000,0,5.0
19.553,1761992940.3507817,2,0.0026,300000,0,5.0052
19.553,1761992940.3507817,3,0.0012,300000,0,5.0025
19.553,1761992940.3507817,4,0.0,300000,0,5.0
19.553,1761992940.3507817,5,0.0,300000,0,5.0
19.553,1761992940.3507817,6,0.0,300000,0,5.0
19.553,1761992940.3507817,7,0.0,300000,0,5.0
20.054,1761992940.8521495,0,0.0,300000,0,5.0
20.054,1761992940.8521495,1,0.0,300000,0,5.0
20.054,1761992940.8521495,2,0.0017,300000,0,5.0034
20.054,1761992940.8521495,3,0.0008,300000,0,5.0016
20.054,1761992940.8521495,4,0.0,300000,0,5.0
20.054,1761992940.8521495,5,0.0,300000,0,5.0
20.054,1761992940.8521495,6,0.0,300000,0,5.0
20.054,1761992940.8521495,7,0.0,300000,0,5.0
20.556,1761992941.3536513,0,0.0,300000,0,5.0
20.556,1761992941.3536513,1,0.0,300000,0,5.0
20.556,1761992941.3536513,2,0.008,300000,0,5.0159
20.556,1761992941.3536513,3,0.0005,300000,0,5.001
20.556,1761992941.3536513,4,0.0,300000,0,5.0
20.556,1761992941.3536513,5,0.0,300000,0,5.0
20.556,1761992941.3536513,6,0.0,300000,0,5.0
20.556,1761992941.3536513,7,0.0,300000,0,5.0
21.057,1761992941.8551974,0,0.0,300000,0,5.0
21.057,1761992941.8551974,1,0.0,300000,0,5.0
21.057,1761992941.8551974,2,0.0052,300000,0,5.0103
21.057,1761992941.8551974,3,0.0003,300000,0,5.0007
21.057,1761992941.8551974,4,0.0,300000,0,5.0
21.057,1761992941.8551974,5,0.0067,300000,0,5.0135
21.057,1761992941.8551974,6,0.0,300000,0,5.0
21.057,1761992941.8551974,7,0.0,300000,0,5.0
21.559,1761992942.3565676,0,0.0,300000,0,5.0
21.559,1761992942.3565676,1,0.0,300000,0,5.0
21.559,1761992942.3565676,2,0.0034,300000,0,5.0067
21.559,1761992942.3565676,3,0.0002,300000,0,5.0004
21.559,1761992942.3565676,4,0.0,300000,0,5.0
21.559,1761992942.3565676,5,0.0044,300000,0,5.0088
21.559,1761992942.3565676,6,0.0,300000,0,5.0
21.559,1761992942.3565676,7,0.0,300000,0,5.0
22.06,1761992942.857923,0,0.0,300000,0,5.0
22.06,1761992942.857923,1,0.0,300000,0,5.0
22.06,1761992942.857923,2,0.0022,300000,0,5.0044
22.06,1761992942.857923,3,0.0001,300000,0,5.0003
22.06,1761992942.857923,4,0.0,300000,0,5.0
22.06,1761992942.857923,5,0.0028,300000,0,5.0057
22.06,1761992942.857923,6,0.0,300000,0,5.0
22.06,1761992942.857923,7,0.0,300000,0,5.0
22.561,1761992943.3592534,0,0.0,300000,0,5.0
22.561,1761992943.3592534,1,0.0,300000,0,5.0
22.561,1761992943.3592534,2,0.0084,300000,0,5.0168
22.561,1761992943.3592534,3,0.0001,300000,0,5.0002
22.561,1761992943.3592534,4,0.0,300000,0,5.0
22.561,1761992943.3592534,5,0.0018,300000,0,5.0037
22.561,1761992943.3592534,6,0.0,300000,0,5.0
22.561,1761992943.3592534,7,0.0,300000,0,5.0
23.063,1761992943.8605545,0,0.0,300000,0,5.0
23.063,1761992943.8605545,1,0.0,300000,0,5.0
23.063,1761992943.8605545,2,0.0055,300000,0,5.0109
23.063,1761992943.8605545,3,0.0001,300000,0,5.0001
23.063,1761992943.8605545,4,0.0,300000,0,5.0
23.063,1761992943.8605545,5,0.0012,300000,0,5.0024
23.063,1761992943.8605545,6,0.0,300000,0,5.0
23.063,1761992943.8605545,7,0.0,300000,0,5.0
23.564,1761992944.3619182,0,0.0,300000,0,5.0
23.564,1761992944.3619182,1,0.0,300000,0,5.0
23.564,1761992944.3619182,2,0.0036,300000,0,5.0071
23.564,1761992944.3619182,3,0.0,300000,0,5.0001
23.564,1761992944.3619182,4,0.0,300000,0,5.0
23.564,1761992944.3619182,5,0.0008,300000,0,5.0016
23.564,1761992944.3619182,6,0.0,300000,0,5.0
23.564,1761992944.3619182,7,0.0,300000,0,5.0
24.065,1761992944.8633378,0,0.0,300000,0,5.0
24.065,1761992944.8633378,1,0.0,300000,0,5.0
24.065,1761992944.8633378,2,0.0023,300000,0,5.0046
24.065,1761992944.8633378,3,0.0,300000,0,5.0001
24.065,1761992944.8633378,4,0.0,300000,0,5.0
24.065,1761992944.8633378,5,0.0005,300000,0,5.001
24.065,1761992944.8633378,6,0.0,300000,0,5.0
24.065,1761992944.8633378,7,0.0,300000,0,5.0
24.567,1761992945.3646336,0,0.0,300000,0,5.0
24.567,1761992945.3646336,1,0.0,300000,0,5.0
24.567,1761992945.3646336,2,0.0015,300000,0,5.003
24.567,1761992945.3646336,3,0.0,300000,0,5.0
24.567,1761992945.3646336,4,0.0,300000,0,5.0
24.567,1761992945.3646336,5,0.0003,300000,0,5.0007
24.567,1761992945.3646336,6,0.0,300000,0,5.0
24.567,1761992945.3646336,7,0.0,300000,0,5.0
25.068,1761992945.8658729,0,0.0,300000,0,5.0
25.068,1761992945.8658729,1,0.0,300000,0,5.0
25.068,1761992945.8658729,2,0.001,300000,0,5.002
25.068,1761992945.8658729,3,0.0,300000,0,5.0
25.068,1761992945.8658729,4,0.0,300000,0,5.0
25.068,1761992945.8658729,5,0.0002,300000,0,5.0004
25.068,1761992945.8658729,6,0.0,300000,0,5.0
25.068,1761992945.8658729,7,0.0,300000,0,5.0
25.569,1761992946.3671017,0,0.0,300000,0,5.0
25.569,1761992946.3671017,1,0.0,300000,0,5.0
25.569,1761992946.3671017,2,0.0075,300000,0,5.015
25.569,1761992946.3671017,3,0.0,300000,0,5.0
25.569,1761992946.3671017,4,0.0,300000,0,5.0
25.569,1761992946.3671017,5,0.0001,300000,0,5.0003
25.569,1761992946.3671017,6,0.0,300000,0,5.0
25.569,1761992946.3671017,7,0.0,300000,0,5.0
26.071,1761992946.868407,0,0.0,300000,0,5.0
26.071,1761992946.868407,1,0.0,300000,0,5.0
26.071,1761992946.868407,2,0.0049,300000,0,5.0097
26.071,1761992946.868407,3,0.0,300000,0,5.0
26.071,1761992946.868407,4,0.0,300000,0,5.0
26.071,1761992946.868407,5,0.0001,300000,0,5.0002
26.071,1761992946.868407,6,0.0,300000,0,5.0
26.071,1761992946.868407,7,0.0,300000,0,5.0
26.572,1761992947.3698173,0,0.0,300000,0,5.0
26.572,1761992947.3698173,1,0.0,300000,0,5.0
26.572,1761992947.3698173,2,0.0032,300000,0,5.0063
26.572,1761992947.3698173,3,0.0,300000,0,5.0
26.572,1761992947.3698173,4,0.0069,300000,0,5.0137
26.572,1761992947.3698173,5,0.0001,300000,0,5.0001
26.572,1761992947.3698173,6,0.0,300000,0,5.0
26.572,1761992947.3698173,7,0.0,300000,0,5.0
27.073,1761992947.871316,0,0.0,300000,0,5.0
27.073,1761992947.871316,1,0.0,300000,0,5.0
27.073,1761992947.871316,2,0.0021,300000,0,5.0041
27.073,1761992947.871316,3,0.0,300000,0,5.0
27.073,1761992947.871316,4,0.0112,300000,0,5.0224
27.073,1761992947.871316,5,0.0,300000,0,5.0001
27.073,1761992947.871316,6,0.0,300000,0,5.0
27.073,1761992947.871316,7,0.0,300000,0,5.0
27.575,1761992948.372708,0,0.0,300000,0,5.0
27.575,1761992948.372708,1,0.0,300000,0,5.0
27.575,1761992948.372708,2,0.0013,300000,0,5.0027
27.575,1761992948.372708,3,0.0,300000,0,5.0
27.575,1761992948.372708,4,0.0073,300000,0,5.0145
27.575,1761992948.372708,5,0.0,300000,0,5.0
27.575,1761992948.372708,6,0.0,300000,0,5.0
27.575,1761992948.372708,7,0.0,300000,0,5.0
28.076,1761992948.8738916,0,0.0,300000,0,5.0
28.076,1761992948.8738916,1,0.0,300000,0,5.0
28.076,1761992948.8738916,2,0.0009,300000,0,5.0017
28.076,1761992948.8738916,3,0.0,300000,0,5.0
28.076,1761992948.8738916,4,0.0047,300000,0,5.0095
28.076,1761992948.8738916,5,0.0,300000,0,5.0
28.076,1761992948.8738916,6,0.0,300000,0,5.0
28.076,1761992948.8738916,7,0.0,300000,0,5.0
28.577,1761992949.3751807,0,0.0,300000,0,5.0
28.577,1761992949.3751807,1,0.0,300000,0,5.0
28.577,1761992949.3751807,2,0.0006,300000,0,5.0011
28.577,1761992949.3751807,3,0.0,300000,0,5.0
28.577,1761992949.3751807,4,0.0031,300000,0,5.0061
28.577,1761992949.3751807,5,0.0,300000,0,5.0
28.577,1761992949.3751807,6,0.0,300000,0,5.0
28.577,1761992949.3751807,7,0.0,300000,0,5.0
29.079,1761992949.8765173,0,0.0069,300000,0,5.0137
29.079,1761992949.8765173,1,0.0,300000,0,5.0
29.079,1761992949.8765173,2,0.0004,300000,0,5.0007
29.079,1761992949.8765173,3,0.0,300000,0,5.0
29.079,1761992949.8765173,4,0.002,300000,0,5.004
29.079,1761992949.8765173,5,0.0,300000,0,5.0
29.079,1761992949.8765173,6,0.0069,300000,0,5.0137
29.079,1761992949.8765173,7,0.0,300000,0,5.0
29.58,1761992950.3777785,0,0.0045,300000,0,5.0089
29.58,1761992950.3777785,1,0.0,300000,0,5.0
29.58,1761992950.3777785,2,0.0002,300000,0,5.0005
29.58,1761992950.3777785,3,0.0,300000,0,5.0
29.58,1761992950.3777785,4,0.0013,300000,0,5.0026
29.58,1761992950.3777785,5,0.0,300000,0,5.0
29.58,1761992950.3777785,6,0.0045,300000,0,5.0089
29.58,1761992950.3777785,7,0.0,300000,0,5.0
